filename,width,height,class,xmin,ymin,xmax,ymax
00388cebd6c59358.jpg,1024,768,car,527,561,754,689
00388cebd6c59358.jpg,1024,768,car,929,559,1024,654
0073d756da528f00.jpg,1024,686,boat,492,423,859,525
0073d756da528f00.jpg,1024,686,boat,194,432,290,477
0073d756da528f00.jpg,1024,686,boat,282,439,332,468
008b2c204cb2b2d4.jpg,1024,682,car,368,173,896,511
009caeffaa5a023a.jpg,1024,680,car,1,187,516,531
009caeffaa5a023a.jpg,1024,680,car,383,116,811,254
009caeffaa5a023a.jpg,1024,680,truck,471,201,940,402
00a1cb942551ae3a.jpg,1024,768,boat,37,412,218,523
00a1cb942551ae3a.jpg,1024,768,boat,666,390,851,498
00a1cb942551ae3a.jpg,1024,768,boat,606,83,728,487
00aec8374b069983.jpg,1024,827,truck,27,214,817,734
00aec8374b069983.jpg,1024,827,car,747,429,952,588
00aec8374b069983.jpg,1024,827,car,940,403,1024,513
00bf96cc74e17100.jpg,1024,685,boat,382,58,947,574
0101daf8c15e39f7.jpg,1024,575,car,744,214,884,378
0101daf8c15e39f7.jpg,1024,575,car,972,210,1024,275
0186edfb22a1d81b.jpg,1024,421,boat,324,265,490,354
0194c725c0b9d072.jpg,1024,576,truck,19,1,763,454
0365a4a6131ac0c7.jpg,1024,758,truck,100,597,494,752
0365a4a6131ac0c7.jpg,1024,758,car,783,455,878,508
0365a4a6131ac0c7.jpg,1024,758,car,945,501,993,568
0365a4a6131ac0c7.jpg,1024,758,truck,884,423,1024,507
03b774fabee1be48.jpg,1024,719,boat,33,257,155,375
043497c984ad7f03.jpg,1024,681,boat,167,86,642,354
043497c984ad7f03.jpg,1024,681,boat,675,281,750,350
043497c984ad7f03.jpg,1024,681,boat,169,293,203,347
043497c984ad7f03.jpg,1024,681,boat,560,315,619,353
0457f7e8c4de8832.jpg,1024,768,truck,61,61,951,747
0457f7e8c4de8832.jpg,1024,768,truck,778,149,1024,457
047b8dcbf1411136.jpg,1024,770,truck,79,157,894,636
047b8dcbf1411136.jpg,1024,770,truck,18,306,138,463
0548ddd7fefd7bfb.jpg,1024,681,car,112,58,638,287
0548ddd7fefd7bfb.jpg,1024,681,car,466,137,1005,472
05ac3908186b576d.jpg,1024,681,truck,76,328,405,576
05ac3908186b576d.jpg,1024,681,truck,341,368,582,534
05ac3908186b576d.jpg,1024,681,truck,644,384,937,519
089ee16c2fd31df8.jpg,1024,686,boat,115,16,806,631
08a7837252497e6b.jpg,1024,768,car,351,433,775,652
08a7837252497e6b.jpg,1024,768,car,660,449,985,612
0a56ee41a72480bc.jpg,1024,768,car,4,389,1024,768
0b9d91fc5fe41d40.jpg,683,1024,car,133,494,371,602
0b9d91fc5fe41d40.jpg,683,1024,boat,10,552,580,717
0bc93ef51bbe45a1.jpg,1024,681,boat,574,29,965,587
0bc93ef51bbe45a1.jpg,1024,681,boat,423,178,564,500
0bc93ef51bbe45a1.jpg,1024,681,boat,360,299,434,464
0bc93ef51bbe45a1.jpg,1024,681,boat,271,324,307,440
0bc93ef51bbe45a1.jpg,1024,681,boat,305,320,351,446
0e57e2bbb4cb7191.jpg,1024,646,truck,69,29,980,627
0e649bffc90c95cb.jpg,1024,691,car,39,51,966,658
0eba56250dc820c6.jpg,1024,768,boat,243,563,340,600
0eba56250dc820c6.jpg,1024,768,boat,399,568,488,592
0eba56250dc820c6.jpg,1024,768,boat,488,564,552,596
0ebd7452b4c1de95.jpg,1024,683,boat,1,1,1023,680
0ed17a142ebcac96.jpg,1024,685,boat,300,80,583,324
0ed17a142ebcac96.jpg,1024,685,car,270,283,398,396
0fe4446de7fb0ef6.jpg,1024,683,boat,136,323,576,460
1035ee62c4bc9403.jpg,1024,768,boat,782,377,1024,447
1035ee62c4bc9403.jpg,1024,768,boat,708,402,1016,472
1035ee62c4bc9403.jpg,1024,768,boat,473,375,714,433
1035ee62c4bc9403.jpg,1024,768,boat,533,364,703,408
1035ee62c4bc9403.jpg,1024,768,boat,439,347,610,384
1035ee62c4bc9403.jpg,1024,768,boat,379,309,490,357
1035ee62c4bc9403.jpg,1024,768,boat,465,321,636,361
11d89ac22578c048.jpg,1024,768,truck,123,115,1003,643
11d89ac22578c048.jpg,1024,768,car,38,349,186,423
1264aaba963819cb.jpg,1024,768,boat,13,230,1011,489
139069515f567115.jpg,1024,768,car,580,78,871,240
13f9b1593e4114ec.jpg,1024,885,truck,152,83,929,753
148038322d24570b.jpg,1024,683,boat,554,362,746,576
148038322d24570b.jpg,1024,683,boat,194,342,442,592
148038322d24570b.jpg,1024,683,boat,472,525,591,593
148038322d24570b.jpg,1024,683,boat,757,539,789,564
148038322d24570b.jpg,1024,683,boat,788,530,824,565
14c7dc1c16a4e241.jpg,1024,768,car,113,166,902,598
1636bf755dec191b.jpg,1024,685,car,433,45,659,153
1636bf755dec191b.jpg,1024,685,car,924,22,1024,120
16e4d51633366171.jpg,1024,791,car,25,45,95,116
16e4d51633366171.jpg,1024,791,car,205,49,287,123
16e9177a2efc5bba.jpg,1024,768,car,267,256,910,706
16e9177a2efc5bba.jpg,1024,768,car,546,1,789,192
177dbd2126b5d33a.jpg,1024,685,car,435,342,544,416
177dbd2126b5d33a.jpg,1024,685,car,586,362,800,438
177dbd2126b5d33a.jpg,1024,685,car,716,333,872,425
179a4e9e21f5cb0c.jpg,1024,683,car,1,593,301,683
179a4e9e21f5cb0c.jpg,1024,683,car,123,543,488,683
179a4e9e21f5cb0c.jpg,1024,683,car,568,576,717,671
17dee754d86368e8.jpg,1024,678,truck,714,307,923,473
17dee754d86368e8.jpg,1024,678,car,859,343,1024,529
1a6978c87a3b286f.jpg,1024,681,boat,186,109,1024,681
1a9aa13a352676bf.jpg,1024,683,car,110,221,760,452
1af4115c955d715f.jpg,1024,768,car,480,56,681,162
1af4115c955d715f.jpg,1024,768,car,663,56,820,140
1af4115c955d715f.jpg,1024,768,car,790,49,1024,213
1af4115c955d715f.jpg,1024,768,car,94,57,232,133
1af4115c955d715f.jpg,1024,768,car,1,101,267,500
1b3a0453d76589c0.jpg,1024,669,truck,27,136,983,507
1b566383599467c7.jpg,927,1024,truck,140,1,927,916
1baff70947706365.jpg,1024,921,truck,599,405,808,662
1baff70947706365.jpg,1024,921,truck,1,388,593,729
1baff70947706365.jpg,1024,921,car,244,556,477,769
1c6e984e3c2dca3c.jpg,1024,682,car,100,575,419,682
1c6e984e3c2dca3c.jpg,1024,682,car,407,577,651,682
1c6e984e3c2dca3c.jpg,1024,682,truck,188,529,443,628
1c6e984e3c2dca3c.jpg,1024,682,truck,512,538,698,670
1cd08f45c8d135f4.jpg,1024,768,boat,139,412,553,747
1e3071e8b20a6471.jpg,1024,766,truck,385,438,888,688
1fc132805e66f61a.jpg,1024,684,truck,75,248,694,623
20b4d520ffb15ee6.jpg,1024,678,car,19,107,367,323
20b4d520ffb15ee6.jpg,1024,678,car,829,159,895,219
20b4d520ffb15ee6.jpg,1024,678,truck,274,1,880,597
20dd1f6ed4baea68.jpg,1024,680,boat,165,231,875,580
21fe96e8d50c954b.jpg,1024,683,truck,26,15,993,679
21fe96e8d50c954b.jpg,1024,683,car,1,288,76,378
22a3ba5f0653ce18.jpg,1024,680,truck,380,111,861,519
22a3ba5f0653ce18.jpg,1024,680,truck,965,315,1024,382
22e9f61cf764e075.jpg,1024,680,car,169,220,552,558
22e9f61cf764e075.jpg,1024,680,car,573,133,840,305
233771a37dd0b394.jpg,724,1024,truck,246,653,699,883
25031ac1786ed64f.jpg,1024,684,car,416,98,729,227
25031ac1786ed64f.jpg,1024,684,car,861,79,1024,244
255f0c2af85c0427.jpg,1024,681,car,115,243,926,646
255f0c2af85c0427.jpg,1024,681,car,841,244,1024,329
255f0c2af85c0427.jpg,1024,681,car,768,260,862,309
255f0c2af85c0427.jpg,1024,681,car,572,266,765,324
255f0c2af85c0427.jpg,1024,681,car,376,245,490,305
255f0c2af85c0427.jpg,1024,681,car,74,258,197,318
255f0c2af85c0427.jpg,1024,681,car,172,254,254,301
255f0c2af85c0427.jpg,1024,681,car,248,269,378,324
255f0c2af85c0427.jpg,1024,681,car,473,247,625,295
25ebc3b1105a8ca4.jpg,1024,768,truck,146,286,965,721
26248ab2828865a0.jpg,1024,768,car,587,191,723,256
26248ab2828865a0.jpg,1024,768,car,124,196,913,671
26eefd16e015cc4a.jpg,1024,740,truck,349,224,865,665
284a0695f0a0cf4c.jpg,1024,681,car,294,457,493,572
284a0695f0a0cf4c.jpg,1024,681,car,581,425,799,615
284a0695f0a0cf4c.jpg,1024,681,car,164,417,324,558
284a0695f0a0cf4c.jpg,1024,681,car,63,426,190,552
284a0695f0a0cf4c.jpg,1024,681,car,8,459,100,540
285e1ca6cefb1618.jpg,1024,768,car,1,141,946,734
285e1ca6cefb1618.jpg,1024,768,car,890,148,1024,280
285e1ca6cefb1618.jpg,1024,768,car,839,172,922,234
285e1ca6cefb1618.jpg,1024,768,car,643,173,753,236
285e1ca6cefb1618.jpg,1024,768,car,587,155,687,223
285e1ca6cefb1618.jpg,1024,768,car,522,155,608,206
285e1ca6cefb1618.jpg,1024,768,car,222,183,340,241
285e1ca6cefb1618.jpg,1024,768,car,482,172,530,211
2882bc34ed88c0e7.jpg,1024,576,boat,392,52,699,446
2882bc34ed88c0e7.jpg,1024,576,boat,247,69,497,441
2882bc34ed88c0e7.jpg,1024,576,boat,776,211,845,381
2882bc34ed88c0e7.jpg,1024,576,boat,712,331,800,390
2882bc34ed88c0e7.jpg,1024,576,boat,814,384,1023,470
2882bc34ed88c0e7.jpg,1024,576,boat,914,257,967,376
2882bc34ed88c0e7.jpg,1024,576,boat,844,218,911,382
28fed3e1850130fa.jpg,1024,702,car,550,54,789,171
28fed3e1850130fa.jpg,1024,702,car,659,26,823,152
2ae920e69444ceda.jpg,1024,768,boat,213,268,797,527
2ba560945ec5ecb3.jpg,1024,683,truck,155,194,876,616
2ba560945ec5ecb3.jpg,1024,683,truck,1,317,161,442
2c16e87635a6ac0a.jpg,1024,768,truck,53,209,449,422
2c16e87635a6ac0a.jpg,1024,768,truck,815,225,1024,468
2c16e87635a6ac0a.jpg,1024,768,car,550,299,849,452
2c447ad2c2110bcf.jpg,1024,768,truck,1,96,935,768
2c4e03d0ca444c53.jpg,785,1024,car,20,482,749,725
2c8620c074051490.jpg,1024,683,car,404,341,501,431
2c8620c074051490.jpg,1024,683,car,298,346,410,439
2c8620c074051490.jpg,1024,683,car,220,339,339,416
2cc6b83f8742d864.jpg,1024,768,truck,209,221,879,629
2cc6b83f8742d864.jpg,1024,768,car,31,448,540,768
2cc6b83f8742d864.jpg,1024,768,car,44,407,222,543
2cc6b83f8742d864.jpg,1024,768,truck,54,347,160,428
2cc6b83f8742d864.jpg,1024,768,car,16,396,127,499
2d7708eb6dc65561.jpg,1024,683,car,256,519,415,642
2d7708eb6dc65561.jpg,1024,683,car,351,449,457,553
2d7708eb6dc65561.jpg,1024,683,car,726,567,882,683
302fc2f4e732cf30.jpg,1024,768,car,65,87,990,652
302fc2f4e732cf30.jpg,1024,768,car,16,76,523,309
30e6a05874675f3b.jpg,1024,681,car,368,211,791,465
30e6a05874675f3b.jpg,1024,681,car,670,450,1024,681
315f4596e8d92143.jpg,1024,320,truck,48,5,993,320
31b48b2abbb8c572.jpg,1024,681,boat,122,171,931,656
31b48b2abbb8c572.jpg,1024,681,boat,32,237,172,292
31b48b2abbb8c572.jpg,1024,681,boat,577,243,712,306
31e2d5ef27333fc5.jpg,1024,686,car,183,406,461,547
31e2d5ef27333fc5.jpg,1024,686,car,129,402,268,496
31e2d5ef27333fc5.jpg,1024,686,car,91,412,165,475
31e2d5ef27333fc5.jpg,1024,686,car,1,392,50,477
32578bca509088c2.jpg,1024,679,truck,171,25,811,637
32cc6dc110837181.jpg,1024,799,car,15,1,1019,788
3318c02048a57d79.jpg,1024,768,car,40,185,993,711
3318c02048a57d79.jpg,1024,768,car,867,236,1024,443
33e4536fe31e9126.jpg,1024,683,truck,69,245,677,498
33e4536fe31e9126.jpg,1024,683,car,661,374,909,477
346ce44f775e3426.jpg,1024,768,truck,835,550,1024,768
346ce44f775e3426.jpg,1024,768,car,94,668,479,768
34a420277ecfe74e.jpg,1024,768,boat,531,463,572,511
34a420277ecfe74e.jpg,1024,768,boat,475,433,536,480
34a420277ecfe74e.jpg,1024,768,boat,215,461,316,493
34a420277ecfe74e.jpg,1024,768,boat,250,444,307,471
34a420277ecfe74e.jpg,1024,768,boat,451,555,559,625
34a420277ecfe74e.jpg,1024,768,boat,490,539,590,594
34a420277ecfe74e.jpg,1024,768,boat,258,562,411,635
34a420277ecfe74e.jpg,1024,768,boat,396,520,502,564
34a420277ecfe74e.jpg,1024,768,boat,360,487,488,525
34a420277ecfe74e.jpg,1024,768,boat,572,490,689,528
36d82aa61c9ee94b.jpg,1024,768,boat,1,94,1020,525
37e1e5a4803b36d9.jpg,1024,686,car,263,63,867,542
37e1e5a4803b36d9.jpg,1024,686,car,845,218,1024,348
387c73ba193ee315.jpg,1024,510,car,19,247,421,471
387c73ba193ee315.jpg,1024,510,car,303,261,662,432
387c73ba193ee315.jpg,1024,510,car,578,273,853,399
387c73ba193ee315.jpg,1024,510,truck,390,162,1011,373
3a2d65218b30eb07.jpg,1024,683,truck,1,11,407,624
3a2d65218b30eb07.jpg,1024,683,truck,362,179,570,354
3a2d65218b30eb07.jpg,1024,683,truck,650,212,730,296
3a2d65218b30eb07.jpg,1024,683,car,738,248,777,284
3a2d65218b30eb07.jpg,1024,683,car,814,203,1017,374
3a2d65218b30eb07.jpg,1024,683,car,776,218,842,305
3b56e2b4497c2064.jpg,1024,768,boat,222,222,381,344
3b79ff5f36cd9725.jpg,763,1024,boat,123,1,536,957
3bfb198c265f47d9.jpg,1024,769,car,144,84,287,202
3bfb198c265f47d9.jpg,1024,769,car,1,98,135,200
3c130786b1313085.jpg,1024,875,boat,29,36,494,615
3c59b89135f11817.jpg,1024,576,boat,636,160,962,457
3c59b89135f11817.jpg,1024,576,boat,173,233,520,452
3d0c55893215a7c9.jpg,1024,767,boat,254,156,843,522
3d206430d243cb43.jpg,1024,683,car,320,347,431,424
3d206430d243cb43.jpg,1024,683,car,32,340,194,420
3d206430d243cb43.jpg,1024,683,car,191,340,281,393
3d206430d243cb43.jpg,1024,683,car,265,330,334,382
3d206430d243cb43.jpg,1024,683,car,322,331,365,367
3d206430d243cb43.jpg,1024,683,car,410,341,462,390
3e17c8b39ee3a17d.jpg,1024,598,car,734,49,943,199
3e17c8b39ee3a17d.jpg,1024,598,car,1,97,1002,592
3eebc085f3d1c4a4.jpg,1024,268,boat,496,137,627,181
3eebc085f3d1c4a4.jpg,1024,268,boat,672,134,717,164
3eebc085f3d1c4a4.jpg,1024,268,boat,403,151,475,180
3eebc085f3d1c4a4.jpg,1024,268,boat,406,133,501,168
3eebc085f3d1c4a4.jpg,1024,268,boat,754,132,840,148
409a395a98e62d78.jpg,1024,768,car,1,459,144,540
409a395a98e62d78.jpg,1024,768,car,797,443,943,532
409a395a98e62d78.jpg,1024,768,car,897,433,1024,496
41a68890b55ed297.jpg,1024,596,truck,216,260,862,596
422b21e067c79549.jpg,1024,683,car,81,21,845,679
422b21e067c79549.jpg,1024,683,car,686,67,1024,524
422b21e067c79549.jpg,1024,683,car,1,29,305,492
4397fd3f939fe1a5.jpg,1024,768,truck,15,108,799,414
453364a109ad549b.jpg,1024,665,boat,55,77,285,380
453364a109ad549b.jpg,1024,665,boat,592,86,871,503
457fdf9985388dbb.jpg,1024,1024,car,208,563,513,767
475fbb261b0ccfe1.jpg,1024,933,boat,143,40,987,877
48685155eb5c5827.jpg,1024,768,car,1,322,522,768
499e806be8708220.jpg,1024,317,car,443,179,819,317
499e806be8708220.jpg,1024,317,car,852,181,1024,317
499e806be8708220.jpg,1024,317,car,103,158,221,239
499e806be8708220.jpg,1024,317,car,324,153,417,199
499e806be8708220.jpg,1024,317,car,510,154,658,208
499e806be8708220.jpg,1024,317,car,422,161,508,207
499e806be8708220.jpg,1024,317,car,734,168,822,206
4a011f1b68cae64c.jpg,1024,1024,car,21,97,1008,797
4a9647dac4be9dc8.jpg,1024,576,boat,481,73,927,416
4a9647dac4be9dc8.jpg,1024,576,boat,615,40,653,79
4a9647dac4be9dc8.jpg,1024,576,boat,431,81,510,130
4a9647dac4be9dc8.jpg,1024,576,boat,115,37,144,71
4af59d3f254489fd.jpg,1024,768,boat,1,43,649,713
4b169f6de8469594.jpg,1024,552,car,107,454,250,547
4b169f6de8469594.jpg,1024,552,car,41,454,152,529
4b169f6de8469594.jpg,1024,552,car,258,450,333,515
4b169f6de8469594.jpg,1024,552,car,325,452,392,500
4b169f6de8469594.jpg,1024,552,car,372,444,415,488
4b169f6de8469594.jpg,1024,552,car,1,468,66,544
4b169f6de8469594.jpg,1024,552,car,203,458,259,507
4b169f6de8469594.jpg,1024,552,car,426,446,465,478
4be7d81f93502e69.jpg,1024,683,car,35,389,272,505
4be7d81f93502e69.jpg,1024,683,car,206,424,382,530
4be7d81f93502e69.jpg,1024,683,car,385,417,580,544
4be7d81f93502e69.jpg,1024,683,car,581,419,727,563
4be7d81f93502e69.jpg,1024,683,car,756,453,902,582
4be7d81f93502e69.jpg,1024,683,car,937,454,1024,585
4be7d81f93502e69.jpg,1024,683,car,708,452,748,517
4be7d81f93502e69.jpg,1024,683,car,1,397,79,478
4bfd4a356b9688f6.jpg,1024,768,boat,1,302,710,762
4bfd4a356b9688f6.jpg,1024,768,boat,432,390,979,666
4bfd4a356b9688f6.jpg,1024,768,boat,677,402,1024,557
4bfd4a356b9688f6.jpg,1024,768,boat,1,205,213,436
4bfd4a356b9688f6.jpg,1024,768,boat,225,186,789,440
4bfd4a356b9688f6.jpg,1024,768,boat,695,254,933,397
4bfd4a356b9688f6.jpg,1024,768,boat,842,275,1024,404
4bfd4a356b9688f6.jpg,1024,768,boat,39,175,259,307
4bfd4a356b9688f6.jpg,1024,768,boat,714,162,1009,282
4bfd4a356b9688f6.jpg,1024,768,boat,233,200,407,293
4bfd4a356b9688f6.jpg,1024,768,boat,337,161,454,254
4c37e5849458ab97.jpg,685,1024,boat,302,74,406,149
4ca2a417d49b54bf.jpg,1024,685,boat,1,1,797,645
4ca2a417d49b54bf.jpg,1024,685,boat,677,94,976,538
4d6f1be56e88a6fe.jpg,1024,681,car,69,186,914,591
4d6f1be56e88a6fe.jpg,1024,681,car,575,148,1024,450
4e06822a10d2e72c.jpg,1024,610,truck,281,176,907,535
4e06822a10d2e72c.jpg,1024,610,car,55,355,308,539
4e06822a10d2e72c.jpg,1024,610,car,20,358,139,439
4f1b667a6537d946.jpg,681,1024,car,125,428,261,549
50db2f1a816f6df2.jpg,1024,682,car,110,303,815,558
50db2f1a816f6df2.jpg,1024,682,car,709,296,912,411
50db2f1a816f6df2.jpg,1024,682,car,829,293,918,347
512e8cd0eb93d76e.jpg,1024,691,car,487,216,813,510
512e8cd0eb93d76e.jpg,1024,691,car,966,289,1024,372
512e8cd0eb93d76e.jpg,1024,691,car,799,280,868,403
512e8cd0eb93d76e.jpg,1024,691,truck,1,206,122,469
515dfadc0eac651f.jpg,1024,768,car,660,132,820,241
515dfadc0eac651f.jpg,1024,768,car,513,142,560,183
515dfadc0eac651f.jpg,1024,768,car,499,144,522,172
515dfadc0eac651f.jpg,1024,768,car,483,143,507,161
5299a4a3f1241471.jpg,1024,680,car,139,16,824,608
5299a4a3f1241471.jpg,1024,680,car,666,237,736,270
52c5e000397bef21.jpg,1024,819,boat,220,565,307,635
52c5e000397bef21.jpg,1024,819,boat,521,454,566,570
52c5e000397bef21.jpg,1024,819,boat,432,448,491,554
52c5e000397bef21.jpg,1024,819,boat,356,453,396,543
52c5e000397bef21.jpg,1024,819,boat,713,691,922,771
52c5e000397bef21.jpg,1024,819,boat,611,473,657,609
52c5e000397bef21.jpg,1024,819,boat,636,444,728,576
52c5e000397bef21.jpg,1024,819,boat,766,531,805,554
52c5e000397bef21.jpg,1024,819,boat,752,510,802,533
52c5e000397bef21.jpg,1024,819,boat,742,764,945,819
52c5e000397bef21.jpg,1024,819,boat,156,430,218,571
52c5e000397bef21.jpg,1024,819,boat,111,436,146,550
52c5e000397bef21.jpg,1024,819,boat,763,645,948,718
53d657b0c8ba5d48.jpg,1024,682,truck,233,380,1024,681
53f10b2c0331f17f.jpg,1024,680,boat,106,216,660,375
53f10b2c0331f17f.jpg,1024,680,boat,644,291,821,397
545285b73a834f5c.jpg,1024,681,boat,1,268,134,321
545285b73a834f5c.jpg,1024,681,boat,149,286,329,339
545285b73a834f5c.jpg,1024,681,boat,427,291,542,346
545285b73a834f5c.jpg,1024,681,boat,589,274,652,299
545285b73a834f5c.jpg,1024,681,boat,702,260,748,290
545285b73a834f5c.jpg,1024,681,boat,734,286,815,318
545285b73a834f5c.jpg,1024,681,boat,751,277,816,297
545285b73a834f5c.jpg,1024,681,boat,266,277,377,306
545285b73a834f5c.jpg,1024,681,boat,444,264,511,290
545285b73a834f5c.jpg,1024,681,boat,489,276,560,305
5634b9cebd2f48e8.jpg,1024,682,boat,242,441,455,517
566ca714dc507125.jpg,1024,686,car,1,184,983,686
56db34ead286cc3b.jpg,1024,768,car,274,290,457,484
56db34ead286cc3b.jpg,1024,768,car,240,539,567,768
56db34ead286cc3b.jpg,1024,768,car,660,405,985,715
56db34ead286cc3b.jpg,1024,768,car,520,318,711,512
56db34ead286cc3b.jpg,1024,768,car,451,287,572,404
56db34ead286cc3b.jpg,1024,768,car,423,247,583,335
56db34ead286cc3b.jpg,1024,768,car,195,169,356,333
56fde6433e36aee7.jpg,683,1024,car,215,646,408,747
56fde6433e36aee7.jpg,683,1024,truck,21,560,257,771
56fde6433e36aee7.jpg,683,1024,car,1,636,121,849
575e43baab423dd9.jpg,768,1024,car,1,636,272,785
575e43baab423dd9.jpg,768,1024,truck,633,549,768,732
57c25933b8901193.jpg,1024,768,boat,325,329,1022,568
57ca8beec8f3d1e2.jpg,1024,797,truck,208,199,744,565
57ca8beec8f3d1e2.jpg,1024,797,car,752,441,882,501
57ca8beec8f3d1e2.jpg,1024,797,car,90,448,151,506
57ca8beec8f3d1e2.jpg,1024,797,car,36,463,90,498
5853b365b543bde8.jpg,1024,683,truck,5,153,1014,659
5a3caa1a1eab7594.jpg,1024,683,car,759,477,1024,676
5a3caa1a1eab7594.jpg,1024,683,car,271,465,390,539
5a3caa1a1eab7594.jpg,1024,683,car,372,463,491,536
5a7d674f5c47ef13.jpg,1024,768,boat,24,134,604,401
5a7d674f5c47ef13.jpg,1024,768,boat,449,144,863,399
5b12cb31d272c99a.jpg,1024,721,boat,58,229,198,526
5b12cb31d272c99a.jpg,1024,721,boat,909,356,988,504
5bfb0870effc506b.jpg,1024,686,truck,157,591,400,686
5cc49c231600ff10.jpg,1024,768,truck,142,182,878,451
5d73dcc96787413c.jpg,1024,683,car,50,126,1024,683
5e771f51138a2c21.jpg,1024,754,truck,21,10,1007,370
5e783ed1d3bbe6b8.jpg,683,1024,boat,10,207,683,1024
5e9528c8968c8a88.jpg,1024,678,car,189,590,361,667
5e9528c8968c8a88.jpg,1024,678,car,788,589,960,655
5e9528c8968c8a88.jpg,1024,678,car,575,489,618,534
5e9528c8968c8a88.jpg,1024,678,car,503,529,558,582
5e9528c8968c8a88.jpg,1024,678,car,427,530,480,587
5e9528c8968c8a88.jpg,1024,678,car,388,509,428,555
5e9528c8968c8a88.jpg,1024,678,car,637,484,672,513
5e9528c8968c8a88.jpg,1024,678,truck,494,409,529,442
5e9528c8968c8a88.jpg,1024,678,car,534,415,555,430
5e9528c8968c8a88.jpg,1024,678,car,421,464,459,496
5ea7758cfe1d8d1e.jpg,1024,1014,boat,42,435,322,728
5ea7758cfe1d8d1e.jpg,1024,1014,boat,577,489,710,597
5ea7758cfe1d8d1e.jpg,1024,1014,boat,837,635,1024,902
60798f8126530926.jpg,1024,683,car,51,140,930,556
60798f8126530926.jpg,1024,683,car,543,101,1024,417
6158950b8e7c8079.jpg,1024,681,boat,560,298,940,665
61778bd014674b0a.jpg,681,1024,boat,189,435,551,735
62295e95a112eb98.jpg,1024,775,truck,139,91,935,664
63408ab215cdbf88.jpg,1024,680,car,1,445,157,634
63408ab215cdbf88.jpg,1024,680,car,769,355,1024,635
63548acfec42bb71.jpg,768,1024,truck,8,274,768,1024
6355e0e710b78bc8.jpg,1024,521,car,65,186,383,314
6484bc664019fff5.jpg,1024,685,truck,206,50,802,543
64d9001dd929ef64.jpg,1024,768,car,14,279,366,470
64d9001dd929ef64.jpg,1024,768,car,243,312,427,399
657acc78e4eccd3e.jpg,1024,678,truck,71,191,924,564
65e557f6ae6a5ce6.jpg,1024,1024,car,89,657,453,877
65e557f6ae6a5ce6.jpg,1024,1024,car,388,674,743,896
65e557f6ae6a5ce6.jpg,1024,1024,car,655,696,1002,942
65e557f6ae6a5ce6.jpg,1024,1024,car,33,675,221,842
66b9ba76ad35e186.jpg,1024,768,car,33,127,971,605
66b9ba76ad35e186.jpg,1024,768,car,697,114,943,269
66b9ba76ad35e186.jpg,1024,768,car,4,128,442,325
67531dd6020a4ad7.jpg,1024,575,boat,133,305,402,520
67531dd6020a4ad7.jpg,1024,575,boat,1,384,150,518
67531dd6020a4ad7.jpg,1024,575,boat,341,300,630,491
67531dd6020a4ad7.jpg,1024,575,boat,835,254,1024,440
67531dd6020a4ad7.jpg,1024,575,boat,560,387,859,484
676baddebe536001.jpg,1024,854,truck,89,55,1015,761
679759393a69ab3d.jpg,1024,693,car,106,36,919,643
697aca88b22bc519.jpg,1024,681,truck,45,97,991,609
69c378926a7598b1.jpg,1024,682,truck,208,159,582,547
69fd4c3d9ca86b0a.jpg,1024,315,car,2,198,186,295
69fd4c3d9ca86b0a.jpg,1024,315,car,232,211,371,276
69fd4c3d9ca86b0a.jpg,1024,315,car,567,213,706,279
69fd4c3d9ca86b0a.jpg,1024,315,car,683,224,758,267
69fd4c3d9ca86b0a.jpg,1024,315,car,745,219,885,278
69fd4c3d9ca86b0a.jpg,1024,315,car,981,245,1024,277
69fd4c3d9ca86b0a.jpg,1024,315,car,915,237,990,273
69fd4c3d9ca86b0a.jpg,1024,315,car,874,235,948,267
6d712e5816aafc03.jpg,1024,768,truck,331,209,842,651
6e0388d166b8d00b.jpg,1024,768,truck,109,1,870,742
6e71b8adbf3233ff.jpg,1024,768,boat,361,341,466,487
6e71b8adbf3233ff.jpg,1024,768,boat,790,447,872,480
6e71b8adbf3233ff.jpg,1024,768,boat,666,441,750,479
6f6dc6261696ce57.jpg,1024,574,car,2,123,1024,543
6f6dc6261696ce57.jpg,1024,574,car,68,113,391,233
7398a95476a2df5c.jpg,1024,768,car,902,433,986,492
7398a95476a2df5c.jpg,1024,768,car,970,434,1024,490
7398a95476a2df5c.jpg,1024,768,car,853,423,922,484
75112755452f33a2.jpg,1024,683,car,175,322,445,499
75112755452f33a2.jpg,1024,683,car,158,282,283,360
75112755452f33a2.jpg,1024,683,car,355,300,492,396
7523799e2dd726d6.jpg,1024,768,boat,24,157,1024,765
76d295d4127c9692.jpg,1024,683,car,11,1,181,89
76d295d4127c9692.jpg,1024,683,car,270,1,422,50
76d295d4127c9692.jpg,1024,683,car,20,31,932,635
77784624707ef029.jpg,1024,1024,car,7,305,1024,907
77a9a22a55eb600e.jpg,1024,576,car,451,193,926,365
78950e55d9ba5213.jpg,1024,683,car,1,73,275,342
78ce48d227c37b89.jpg,1024,639,truck,635,99,1020,282
78fe9da61241e35d.jpg,1024,576,car,158,174,963,528
78fe9da61241e35d.jpg,1024,576,car,1,182,181,513
78fe9da61241e35d.jpg,1024,576,car,42,117,405,281
78fe9da61241e35d.jpg,1024,576,car,697,140,964,252
78fe9da61241e35d.jpg,1024,576,car,848,166,1024,401
7a68c5689297f82e.jpg,1024,576,car,444,299,543,359
7a68c5689297f82e.jpg,1024,576,car,526,285,680,373
7a68c5689297f82e.jpg,1024,576,car,675,284,884,388
7a68c5689297f82e.jpg,1024,576,car,896,299,1009,362
7a68c5689297f82e.jpg,1024,576,car,8,287,82,333
7a68c5689297f82e.jpg,1024,576,car,857,285,938,342
7acc2fb4ead6ba38.jpg,1024,681,boat,20,53,116,137
7acc2fb4ead6ba38.jpg,1024,681,boat,804,80,898,138
7acc2fb4ead6ba38.jpg,1024,681,boat,908,61,1022,145
7acc2fb4ead6ba38.jpg,1024,681,boat,687,61,804,144
7acc2fb4ead6ba38.jpg,1024,681,boat,614,77,707,138
7acc2fb4ead6ba38.jpg,1024,681,boat,322,65,389,136
7acc2fb4ead6ba38.jpg,1024,681,boat,523,70,603,142
7acc2fb4ead6ba38.jpg,1024,681,boat,409,70,504,152
7acc2fb4ead6ba38.jpg,1024,681,boat,254,61,299,124
7acc2fb4ead6ba38.jpg,1024,681,boat,191,75,258,131
7b7d9ffe0052b3a4.jpg,1024,438,boat,302,188,889,299
7c25f650061ee174.jpg,762,1024,truck,124,714,658,999
7c25f650061ee174.jpg,762,1024,truck,12,750,158,907
7c4491ec72363854.jpg,1024,768,boat,947,408,1024,582
7c4491ec72363854.jpg,1024,768,boat,529,552,643,586
7c4491ec72363854.jpg,1024,768,boat,751,532,797,577
7c8d699d6b1fb140.jpg,1024,683,boat,584,1,867,318
7c8d699d6b1fb140.jpg,1024,683,boat,471,150,548,257
7c8d699d6b1fb140.jpg,1024,683,boat,311,99,438,250
7c8d699d6b1fb140.jpg,1024,683,boat,1,1,313,278
7ec79ce20bf4bc7a.jpg,1024,683,boat,1,40,804,451
7eeba9a868950614.jpg,1024,802,car,45,182,962,749
7f0e2a7f66a6be72.jpg,681,1024,car,78,380,568,849
7f7c14c8ce75c494.jpg,1024,685,boat,167,126,292,471
7f7c14c8ce75c494.jpg,1024,685,boat,443,78,581,486
7f7c14c8ce75c494.jpg,1024,685,boat,362,220,430,454
7f7c14c8ce75c494.jpg,1024,685,boat,687,140,822,479
806e3b9d53edb3dc.jpg,1024,685,truck,205,64,729,599
806e3b9d53edb3dc.jpg,1024,685,truck,204,343,251,386
806e3b9d53edb3dc.jpg,1024,685,truck,124,332,177,388
806e3b9d53edb3dc.jpg,1024,685,car,66,365,115,408
806e3b9d53edb3dc.jpg,1024,685,car,21,366,88,410
80c90557eb70b2cf.jpg,1024,768,car,81,142,861,654
817b02bd90339308.jpg,1024,768,car,1,614,150,749
817b02bd90339308.jpg,1024,768,car,516,633,717,752
817b02bd90339308.jpg,1024,768,car,735,639,1024,768
817b02bd90339308.jpg,1024,768,car,431,616,552,719
817b02bd90339308.jpg,1024,768,car,368,612,457,698
817b02bd90339308.jpg,1024,768,car,313,621,387,685
83349d9c7ace04ae.jpg,1024,768,car,618,507,907,669
83349d9c7ace04ae.jpg,1024,768,car,921,499,1024,565
834a772241a5e8a7.jpg,1024,576,car,181,148,811,400
836fc8375d24f51f.jpg,1024,768,car,401,254,1024,656
847e833f8e984a1a.jpg,1024,684,car,99,50,894,669
847e833f8e984a1a.jpg,1024,684,truck,749,1,1024,185
847e833f8e984a1a.jpg,1024,684,truck,581,1,767,123
847e833f8e984a1a.jpg,1024,684,truck,42,1,315,132
8599dae168a6cb24.jpg,1024,754,truck,1,493,294,754
8599dae168a6cb24.jpg,1024,754,car,254,632,374,742
8599dae168a6cb24.jpg,1024,754,car,396,651,552,741
8599dae168a6cb24.jpg,1024,754,car,653,617,978,732
8599dae168a6cb24.jpg,1024,754,car,507,650,621,730
8599dae168a6cb24.jpg,1024,754,car,574,649,667,720
8649a569903074fd.jpg,1024,707,truck,55,252,914,502
894a094ab54e273e.jpg,1024,683,boat,367,304,456,369
894a094ab54e273e.jpg,1024,683,boat,546,428,661,481
894a094ab54e273e.jpg,1024,683,boat,518,377,571,420
894a094ab54e273e.jpg,1024,683,boat,586,345,629,409
894a094ab54e273e.jpg,1024,683,boat,740,477,771,515
894a094ab54e273e.jpg,1024,683,boat,835,376,863,417
894a094ab54e273e.jpg,1024,683,boat,870,450,948,503
894a094ab54e273e.jpg,1024,683,boat,762,440,870,469
894a094ab54e273e.jpg,1024,683,boat,762,423,843,446
894a094ab54e273e.jpg,1024,683,boat,746,382,782,430
894a094ab54e273e.jpg,1024,683,boat,656,394,704,419
894a094ab54e273e.jpg,1024,683,boat,1,318,121,379
894a094ab54e273e.jpg,1024,683,boat,44,279,140,339
894a094ab54e273e.jpg,1024,683,boat,667,354,747,399
894a094ab54e273e.jpg,1024,683,boat,692,372,754,448
894a094ab54e273e.jpg,1024,683,boat,993,569,1024,628
894a094ab54e273e.jpg,1024,683,boat,981,621,1024,655
8af8de2077e76f46.jpg,1024,768,car,804,354,937,500
8af8de2077e76f46.jpg,1024,768,car,772,263,882,356
8af8de2077e76f46.jpg,1024,768,car,711,200,802,278
8af8de2077e76f46.jpg,1024,768,car,745,541,975,768
8af8de2077e76f46.jpg,1024,768,car,265,116,350,189
8af8de2077e76f46.jpg,1024,768,truck,179,46,230,97
8af8de2077e76f46.jpg,1024,768,car,246,64,286,98
8b733bcb55a468b2.jpg,1024,768,car,242,622,621,768
8b733bcb55a468b2.jpg,1024,768,car,77,632,300,756
8b733bcb55a468b2.jpg,1024,768,car,1,652,70,727
8bc844b53b3cef94.jpg,1024,765,truck,127,49,1001,723
8c871616b05d1f3f.jpg,1024,749,truck,65,587,191,687
8c871616b05d1f3f.jpg,1024,749,car,1,604,71,657
8c871616b05d1f3f.jpg,1024,749,car,182,607,261,665
8c871616b05d1f3f.jpg,1024,749,car,229,607,424,695
8c871616b05d1f3f.jpg,1024,749,car,373,616,521,717
8c871616b05d1f3f.jpg,1024,749,car,494,593,734,726
8cde623e7b3bc1b9.jpg,1024,683,boat,342,249,951,453
8d3f0e58c017d16e.jpg,1024,683,boat,593,184,721,250
8d3f0e58c017d16e.jpg,1024,683,boat,731,205,907,266
8e28c0b21b86952c.jpg,1024,575,car,105,120,920,452
8e28c0b21b86952c.jpg,1024,575,car,736,100,1024,325
8e28c0b21b86952c.jpg,1024,575,car,516,33,805,175
8e28c0b21b86952c.jpg,1024,575,car,54,25,542,256
8e28c0b21b86952c.jpg,1024,575,car,1,70,192,193
8e28c0b21b86952c.jpg,1024,575,car,383,71,498,126
8f04a7f83fcceccf.jpg,1024,545,car,3,271,250,382
8f17ce0ef1dfd1c3.jpg,1024,768,boat,93,33,1009,723
8fa490a7f2f6f2a6.jpg,1024,768,truck,38,544,422,750
8fa490a7f2f6f2a6.jpg,1024,768,car,525,562,657,635
8fa490a7f2f6f2a6.jpg,1024,768,car,494,685,800,768
8fa490a7f2f6f2a6.jpg,1024,768,car,632,643,887,768
90f6ab63e16b4f7f.jpg,1024,697,boat,103,148,981,544
910900bde6c5b646.jpg,1024,658,car,923,503,1024,600
92175d1579067361.jpg,1024,768,car,482,316,824,650
92175d1579067361.jpg,1024,768,car,908,335,1024,650
92486323775e9bc2.jpg,1024,768,boat,187,216,543,542
92486323775e9bc2.jpg,1024,768,boat,110,357,264,514
924b42b83814e17f.jpg,1024,768,car,82,149,918,757
924b42b83814e17f.jpg,1024,768,car,1,318,168,536
927f177fe64faf2c.jpg,1024,681,boat,134,283,438,368
927f177fe64faf2c.jpg,1024,681,boat,555,289,717,350
927f177fe64faf2c.jpg,1024,681,boat,970,302,1024,341
927f177fe64faf2c.jpg,1024,681,boat,1,303,91,363
92b9013cd4aaa49a.jpg,681,1024,truck,26,149,576,692
92b9013cd4aaa49a.jpg,681,1024,car,570,377,681,658
9388b6586d87e83f.jpg,1024,576,car,1,203,95,284
9388b6586d87e83f.jpg,1024,576,car,11,191,1024,476
9388b6586d87e83f.jpg,1024,576,car,176,179,336,265
9388b6586d87e83f.jpg,1024,576,car,86,192,184,257
94828f126dfebaf4.jpg,1024,768,truck,331,284,692,505
94828f126dfebaf4.jpg,1024,768,truck,163,284,361,486
96f44ab2aee94327.jpg,1024,768,truck,293,339,828,561
96f44ab2aee94327.jpg,1024,768,truck,802,363,1024,572
975a5afbe4a7743e.jpg,1024,683,truck,118,5,1024,683
978ed9e8b1f3b874.jpg,1024,768,car,185,113,1024,686
978ed9e8b1f3b874.jpg,1024,768,car,1,243,345,530
986662393234ab43.jpg,1024,683,boat,327,143,710,537
9894c17fe02376a1.jpg,1024,1024,car,25,1,1024,1017
98d61ef07defc4e1.jpg,1024,768,car,421,235,794,508
98d61ef07defc4e1.jpg,1024,768,car,703,250,1000,401
98d61ef07defc4e1.jpg,1024,768,car,574,223,725,330
98d61ef07defc4e1.jpg,1024,768,car,289,194,413,282
98d61ef07defc4e1.jpg,1024,768,car,288,266,447,389
98d8672ae88e7281.jpg,1024,1024,car,1,275,996,888
98d8672ae88e7281.jpg,1024,1024,car,677,44,1024,436
995fd9d98e0befc6.jpg,1024,781,car,891,482,1024,578
995fd9d98e0befc6.jpg,1024,781,car,239,479,326,514
9d396b65df64d84b.jpg,1024,684,truck,107,168,997,654
a01048b373ea730d.jpg,685,1024,boat,75,285,578,413
a0b0d4003fed6dc0.jpg,1024,681,truck,39,163,938,558
a1c552b2ad4350ce.jpg,758,1024,boat,280,163,500,425
a1c552b2ad4350ce.jpg,758,1024,boat,3,447,733,760
a1c552b2ad4350ce.jpg,758,1024,boat,180,649,719,797
a451b3f69e68ef1a.jpg,1024,768,car,807,570,1024,750
a451b3f69e68ef1a.jpg,1024,768,car,220,576,366,655
a503dbac288e322d.jpg,1024,768,truck,130,205,824,606
a503dbac288e322d.jpg,1024,768,car,793,465,945,561
a503dbac288e322d.jpg,1024,768,car,910,484,973,548
a503dbac288e322d.jpg,1024,768,car,1,434,181,554
a5ed3475ebbd0774.jpg,1024,576,car,47,236,320,426
a5ed3475ebbd0774.jpg,1024,576,car,171,200,267,247
a5ed3475ebbd0774.jpg,1024,576,car,338,197,442,240
a5ed3475ebbd0774.jpg,1024,576,car,385,220,623,416
a5ed3475ebbd0774.jpg,1024,576,car,685,233,940,405
a62e0cbbdf19fbb9.jpg,1024,681,boat,218,431,280,553
a62e0cbbdf19fbb9.jpg,1024,681,boat,293,423,343,534
a62e0cbbdf19fbb9.jpg,1024,681,boat,156,488,203,545
a7d839430dfb2d99.jpg,1024,578,truck,261,181,909,577
a7d839430dfb2d99.jpg,1024,578,truck,163,211,435,463
a7d839430dfb2d99.jpg,1024,578,truck,1,210,161,539
a7d839430dfb2d99.jpg,1024,578,truck,845,216,999,420
a8e2e3d982997024.jpg,1024,678,car,247,185,783,529
a99ab7203eefeebe.jpg,768,768,boat,187,478,326,540
a9ad0d08b557bf50.jpg,1024,1024,truck,19,461,613,835
a9ad0d08b557bf50.jpg,1024,1024,truck,519,503,985,836
a9dad80777d97994.jpg,1024,575,truck,394,242,1024,513
aa4b172798dd7090.jpg,1024,1024,truck,71,480,500,980
aac07eef493ebf85.jpg,1024,312,boat,701,218,831,276
aac07eef493ebf85.jpg,1024,312,boat,657,225,700,260
aac07eef493ebf85.jpg,1024,312,boat,277,198,341,260
aac07eef493ebf85.jpg,1024,312,boat,141,184,247,273
aac07eef493ebf85.jpg,1024,312,boat,550,223,605,256
aac07eef493ebf85.jpg,1024,312,boat,909,100,971,246
aba2ec04122ea6b5.jpg,1024,768,car,746,305,922,435
aba2ec04122ea6b5.jpg,1024,768,car,949,313,1024,412
abaaf3ad3d9fedbd.jpg,1024,683,boat,121,4,868,657
abaaf3ad3d9fedbd.jpg,1024,683,boat,855,311,1024,606
abaaf3ad3d9fedbd.jpg,1024,683,boat,43,257,339,618
ac3312f15ab62077.jpg,1024,768,car,451,476,596,591
ac3312f15ab62077.jpg,1024,768,car,575,469,663,536
ac9533e59bde70c5.jpg,1024,768,boat,393,306,501,426
ac9533e59bde70c5.jpg,1024,768,boat,154,316,253,435
ac9533e59bde70c5.jpg,1024,768,boat,20,306,117,449
ac9533e59bde70c5.jpg,1024,768,boat,542,313,643,405
ac9533e59bde70c5.jpg,1024,768,boat,714,263,847,415
ae85837eb44959b6.jpg,1024,768,truck,77,328,372,506
ae85837eb44959b6.jpg,1024,768,truck,311,363,577,544
ae85837eb44959b6.jpg,1024,768,truck,501,394,849,605
ae85837eb44959b6.jpg,1024,768,truck,739,446,1024,618
ae85837eb44959b6.jpg,1024,768,car,1,591,257,768
aed8eaa5941f3868.jpg,1024,768,car,33,72,997,632
aed8eaa5941f3868.jpg,1024,768,car,609,114,1024,434
aed8eaa5941f3868.jpg,1024,768,car,453,116,720,228
aed8eaa5941f3868.jpg,1024,768,car,607,89,781,191
aed8eaa5941f3868.jpg,1024,768,car,1,97,72,183
af0bb3564a43d54a.jpg,1024,738,car,16,228,1020,551
af3a56ccce46480b.jpg,1024,768,car,635,158,702,215
af3a56ccce46480b.jpg,1024,768,car,710,139,774,196
b1c7862beb38cb98.jpg,1024,751,truck,100,93,984,718
b1c7862beb38cb98.jpg,1024,751,car,1,319,166,484
b2004bdc3158a0cc.jpg,1024,671,boat,836,583,923,658
b3eb77235c5f7406.jpg,1024,768,truck,1,271,503,707
b42a1e661c470ee1.jpg,1024,683,car,135,204,722,591
b42a1e661c470ee1.jpg,1024,683,car,1,126,145,260
b47151efdca1e388.jpg,1024,767,car,135,151,928,592
b47151efdca1e388.jpg,1024,767,car,1,165,373,392
b47151efdca1e388.jpg,1024,767,car,1,135,192,279
b518b593ad975df0.jpg,1024,683,boat,545,537,675,617
b634512ef7dea3ff.jpg,1024,768,boat,1,1,946,605
b77675c94980cc30.jpg,768,1024,car,1,36,747,1010
b79391a9f80ae20d.jpg,1024,768,car,39,144,420,490
b79413bdb27e433a.jpg,1024,768,truck,32,25,945,712
b82e74857f82b211.jpg,1024,768,truck,1,37,1004,768
bb8798d08d96c22b.jpg,1024,768,truck,624,520,877,647
bcbf2177339afdcb.jpg,1024,683,car,180,121,560,335
bcbf2177339afdcb.jpg,1024,683,car,705,143,932,327
bcdb7d82c00ddf3e.jpg,1024,768,car,833,532,1024,640
bcdb7d82c00ddf3e.jpg,1024,768,car,799,547,914,619
bcdb7d82c00ddf3e.jpg,1024,768,car,759,552,831,602
bce37a7604776cee.jpg,1024,768,truck,97,173,953,532
bce37a7604776cee.jpg,1024,768,car,1,332,165,478
bd5dbd9bef8b4b5f.jpg,1024,685,car,1,320,658,673
bd5dbd9bef8b4b5f.jpg,1024,685,car,615,314,1024,685
bd8b626607adff0f.jpg,1024,768,boat,193,1,878,536
be12e0a316986e72.jpg,1024,768,car,733,543,957,658
be12e0a316986e72.jpg,1024,768,car,980,563,1024,629
be12e0a316986e72.jpg,1024,768,car,687,563,760,651
be12e0a316986e72.jpg,1024,768,car,943,568,1002,627
c1290149ee555db0.jpg,1024,576,car,34,113,1005,533
c1290149ee555db0.jpg,1024,576,car,1,232,162,341
c12dbb69fa05bc31.jpg,1024,683,truck,65,125,1024,683
c12dbb69fa05bc31.jpg,1024,683,truck,1,319,88,560
c15d85196b695d11.jpg,1024,688,truck,192,134,564,454
c15d85196b695d11.jpg,1024,688,truck,525,174,713,426
c15d85196b695d11.jpg,1024,688,car,775,315,1009,425
c15d85196b695d11.jpg,1024,688,car,16,309,109,370
c1b18d648c43fcab.jpg,1024,736,boat,475,489,939,695
c1b18d648c43fcab.jpg,1024,736,boat,832,172,992,483
c1b18d648c43fcab.jpg,1024,736,boat,11,204,187,535
c1b18d648c43fcab.jpg,1024,736,boat,104,100,633,399
c1b18d648c43fcab.jpg,1024,736,boat,222,174,384,485
c1b18d648c43fcab.jpg,1024,736,boat,435,357,597,462
c1b18d648c43fcab.jpg,1024,736,boat,496,402,733,500
c1b18d648c43fcab.jpg,1024,736,boat,734,447,912,516
c1b18d648c43fcab.jpg,1024,736,boat,132,367,243,451
c1b18d648c43fcab.jpg,1024,736,boat,333,385,461,449
c1f2079b4f8dc836.jpg,1024,684,car,82,195,923,513
c2864f6f9e391a17.jpg,768,1024,car,240,683,488,814
c2aabce427623536.jpg,1024,768,boat,15,563,544,720
c2aabce427623536.jpg,1024,768,boat,325,494,809,686
c2bb6ea33521e2b1.jpg,1024,768,boat,363,50,967,701
c368541e03896642.jpg,1024,768,car,724,521,977,636
c368541e03896642.jpg,1024,768,car,866,499,1024,592
c368541e03896642.jpg,1024,768,car,921,470,1024,534
c3cca860ad12df11.jpg,1024,685,car,211,487,366,619
c3cca860ad12df11.jpg,1024,685,car,244,535,404,682
c3cca860ad12df11.jpg,1024,685,car,441,488,564,610
c3cca860ad12df11.jpg,1024,685,car,484,514,693,680
c3cca860ad12df11.jpg,1024,685,car,812,520,1024,652
c3cca860ad12df11.jpg,1024,685,car,906,577,1024,685
c3cca860ad12df11.jpg,1024,685,car,629,614,960,685
c3cca860ad12df11.jpg,1024,685,car,90,365,145,400
c3cca860ad12df11.jpg,1024,685,car,207,366,247,395
c3cca860ad12df11.jpg,1024,685,car,160,366,210,396
c4650d6cdea67986.jpg,1024,683,car,62,186,979,557
c4e7d0998a39c4b4.jpg,1024,768,car,214,443,379,534
c4e7d0998a39c4b4.jpg,1024,768,car,81,428,164,494
c4e7d0998a39c4b4.jpg,1024,768,car,1,435,58,485
c610f4f34e8581b6.jpg,1024,768,boat,1,98,533,423
c6b145f02d824a3e.jpg,1024,768,boat,603,269,1024,534
c6b145f02d824a3e.jpg,1024,768,boat,256,283,383,347
c6b145f02d824a3e.jpg,1024,768,boat,493,237,771,464
c6b145f02d824a3e.jpg,1024,768,boat,285,232,666,397
c6b145f02d824a3e.jpg,1024,768,boat,1,298,35,370
c7329bc5289c5273.jpg,1024,681,car,37,45,1003,550
c7d8dfe42e15b144.jpg,1024,674,car,314,147,975,440
c8e0c3cd90d85548.jpg,1024,540,boat,55,10,1019,329
cb098c88840c2da7.jpg,1024,768,car,703,578,928,697
cb098c88840c2da7.jpg,1024,768,car,267,608,456,758
cb098c88840c2da7.jpg,1024,768,car,609,582,744,668
cb098c88840c2da7.jpg,1024,768,car,528,590,632,658
cb098c88840c2da7.jpg,1024,768,car,473,594,552,649
cb098c88840c2da7.jpg,1024,768,car,442,596,497,641
cb098c88840c2da7.jpg,1024,768,car,366,640,881,768
cb29927ead384623.jpg,1024,768,car,31,87,983,693
cb29927ead384623.jpg,1024,768,car,494,65,1024,426
cb29927ead384623.jpg,1024,768,car,677,92,1024,240
cb826b162a1d6756.jpg,1024,527,car,658,209,834,358
cb826b162a1d6756.jpg,1024,527,car,795,216,980,327
cb826b162a1d6756.jpg,1024,527,car,900,225,1010,300
cb826b162a1d6756.jpg,1024,527,truck,215,138,695,393
cb9225aae3fef30f.jpg,683,1024,boat,138,71,537,1024
cc0e78b15678fbff.jpg,1024,683,car,150,128,574,316
cc0e78b15678fbff.jpg,1024,683,car,513,138,717,307
cc0e78b15678fbff.jpg,1024,683,car,1,110,582,683
cc2daabf8086bfca.jpg,1024,685,car,132,197,920,589
cc2daabf8086bfca.jpg,1024,685,car,1,169,191,390
cc2daabf8086bfca.jpg,1024,685,car,150,181,346,297
cc7cc74c5d1f74c8.jpg,1024,768,boat,293,147,845,598
cca988541d7f50b8.jpg,1024,683,car,352,456,556,603
cca988541d7f50b8.jpg,1024,683,car,580,425,966,674
cca988541d7f50b8.jpg,1024,683,car,520,480,627,575
cca988541d7f50b8.jpg,1024,683,car,54,472,282,663
cca988541d7f50b8.jpg,1024,683,car,277,506,376,578
cca988541d7f50b8.jpg,1024,683,car,868,553,1024,683
cd8edbe5c4149637.jpg,1024,683,car,34,12,1011,682
cd8edbe5c4149637.jpg,1024,683,car,240,1,515,135
cd8edbe5c4149637.jpg,1024,683,car,1,17,181,212
cee285a679fb6c8f.jpg,1024,768,car,1,449,274,685
cf7a175912c15d9a.jpg,1024,768,car,483,711,610,764
cf7a175912c15d9a.jpg,1024,768,truck,465,676,599,747
cfeb9e74167c6318.jpg,1024,683,car,52,149,860,649
d0057c22bd37f367.jpg,1024,685,boat,858,475,968,658
d0057c22bd37f367.jpg,1024,685,boat,770,542,848,646
d0057c22bd37f367.jpg,1024,685,boat,710,618,752,641
d0057c22bd37f367.jpg,1024,685,boat,641,515,707,651
d0057c22bd37f367.jpg,1024,685,boat,506,571,571,683
d0057c22bd37f367.jpg,1024,685,boat,527,500,611,668
d0057c22bd37f367.jpg,1024,685,boat,244,632,310,664
d0057c22bd37f367.jpg,1024,685,boat,331,564,379,652
d0057c22bd37f367.jpg,1024,685,boat,160,526,188,645
d0057c22bd37f367.jpg,1024,685,boat,109,577,134,651
d0057c22bd37f367.jpg,1024,685,boat,481,545,524,646
d0057c22bd37f367.jpg,1024,685,boat,436,563,465,644
d0057c22bd37f367.jpg,1024,685,boat,611,567,654,639
d05cf6c96a65b1e5.jpg,681,1024,boat,132,146,670,1011
d07a90d24350639a.jpg,1024,716,truck,163,82,958,697
d07a90d24350639a.jpg,1024,716,car,904,263,1014,394
d175376ace057de9.jpg,1024,768,car,650,555,879,735
d175376ace057de9.jpg,1024,768,car,178,548,410,657
d175376ace057de9.jpg,1024,768,car,470,555,590,620
d175376ace057de9.jpg,1024,768,car,789,572,893,666
d175376ace057de9.jpg,1024,768,car,596,554,674,618
d175376ace057de9.jpg,1024,768,car,831,546,903,627
d175376ace057de9.jpg,1024,768,car,887,557,946,606
d1b4c4dba833cfce.jpg,1024,678,car,48,196,982,559
d1b4c4dba833cfce.jpg,1024,678,car,761,113,958,235
d1b4c4dba833cfce.jpg,1024,678,car,583,108,765,236
d1b4c4dba833cfce.jpg,1024,678,car,418,122,609,213
d1b4c4dba833cfce.jpg,1024,678,car,1,124,241,320
d1b4c4dba833cfce.jpg,1024,678,car,61,120,375,231
d1b4c4dba833cfce.jpg,1024,678,car,300,120,454,208
d1b4c4dba833cfce.jpg,1024,678,car,960,116,1024,238
d1b4c4dba833cfce.jpg,1024,678,car,228,124,323,174
d233d2ea7d710894.jpg,1024,683,car,359,345,491,415
d233d2ea7d710894.jpg,1024,683,car,819,382,983,440
d233d2ea7d710894.jpg,1024,683,car,691,361,819,411
d233d2ea7d710894.jpg,1024,683,car,813,504,1024,683
d233d2ea7d710894.jpg,1024,683,car,267,330,343,381
d233d2ea7d710894.jpg,1024,683,car,339,339,401,384
d233d2ea7d710894.jpg,1024,683,car,483,355,575,401
d233d2ea7d710894.jpg,1024,683,car,532,370,647,427
d233d2ea7d710894.jpg,1024,683,car,1,305,63,354
d233d2ea7d710894.jpg,1024,683,car,196,319,264,359
d24929af89b7ed3f.jpg,1024,679,car,189,497,553,609
d24929af89b7ed3f.jpg,1024,679,car,184,476,351,555
d3c302195ab20e4f.jpg,1024,683,truck,1,56,597,626
d3c302195ab20e4f.jpg,1024,683,truck,550,175,829,438
d3c302195ab20e4f.jpg,1024,683,truck,819,242,926,364
d47912a92b1d2bde.jpg,1024,683,boat,40,71,942,382
d484f07b1821fb43.jpg,1024,682,car,141,370,464,571
d484f07b1821fb43.jpg,1024,682,car,472,362,647,511
d484f07b1821fb43.jpg,1024,682,truck,696,134,970,526
d484f07b1821fb43.jpg,1024,682,truck,931,262,1016,478
d484f07b1821fb43.jpg,1024,682,car,643,372,724,481
d5031b725a38af81.jpg,1024,666,car,1,425,460,646
d5031b725a38af81.jpg,1024,666,car,451,402,912,623
d5031b725a38af81.jpg,1024,666,car,925,459,1024,600
d7e4e215bca3e693.jpg,1024,581,boat,154,151,312,373
d7e4e215bca3e693.jpg,1024,581,boat,349,158,617,375
d7e4e215bca3e693.jpg,1024,581,boat,689,298,811,367
d7e4e215bca3e693.jpg,1024,581,boat,792,309,864,368
d84df20c677bcaaa.jpg,1024,768,truck,1,473,488,768
d84df20c677bcaaa.jpg,1024,768,car,514,576,820,742
d84df20c677bcaaa.jpg,1024,768,car,860,530,1024,661
d99355e1f81acbfe.jpg,1024,768,boat,273,328,929,651
d9964b754a11bde9.jpg,1024,683,boat,401,1,966,221
d9964b754a11bde9.jpg,1024,683,boat,1,26,1024,659
daef048d88e459bb.jpg,1024,681,truck,228,269,598,461
daef048d88e459bb.jpg,1024,681,truck,548,269,961,499
daef048d88e459bb.jpg,1024,681,car,159,313,219,370
dc460a2c77d3520d.jpg,1024,681,truck,161,151,762,634
dc460a2c77d3520d.jpg,1024,681,car,790,381,1024,529
dc460a2c77d3520d.jpg,1024,681,car,758,402,832,495
dea7e87f389edfc4.jpg,1024,576,car,151,308,360,404
dea7e87f389edfc4.jpg,1024,576,car,8,323,167,380
dea7e87f389edfc4.jpg,1024,576,car,405,301,493,348
dea7e87f389edfc4.jpg,1024,576,car,547,316,636,353
dea7e87f389edfc4.jpg,1024,576,car,730,319,805,361
dea7e87f389edfc4.jpg,1024,576,car,685,316,741,350
dea7e87f389edfc4.jpg,1024,576,car,802,315,882,354
dea7e87f389edfc4.jpg,1024,576,car,865,323,944,365
dea7e87f389edfc4.jpg,1024,576,car,930,318,1024,378
dea7e87f389edfc4.jpg,1024,576,car,233,310,345,362
dea7e87f389edfc4.jpg,1024,576,car,287,306,343,337
dea7e87f389edfc4.jpg,1024,576,car,114,311,167,336
df95a5a90c7cd8a8.jpg,1024,704,boat,96,280,949,514
e0b70011e83502e4.jpg,1024,768,boat,493,479,825,633
e0b70011e83502e4.jpg,1024,768,boat,783,521,1024,699
e0b70011e83502e4.jpg,1024,768,boat,488,540,704,662
e0b70011e83502e4.jpg,1024,768,boat,83,551,594,768
e203903f9255317e.jpg,1024,681,car,671,547,856,678
e203903f9255317e.jpg,1024,681,car,177,512,329,610
e203903f9255317e.jpg,1024,681,car,36,538,190,614
e4a0b05c35e1fc69.jpg,1024,768,car,39,601,380,765
e4a0b05c35e1fc69.jpg,1024,768,car,513,589,765,694
e4a0b05c35e1fc69.jpg,1024,768,car,702,577,829,673
e4a0b05c35e1fc69.jpg,1024,768,car,787,573,852,654
e4a0b05c35e1fc69.jpg,1024,768,car,872,584,980,649
e4fcdcee02b9ce12.jpg,1024,682,car,87,204,906,574
e5001c7cbc540f09.jpg,1024,768,car,68,101,693,601
e5001c7cbc540f09.jpg,1024,768,car,414,107,759,264
e5001c7cbc540f09.jpg,1024,768,car,875,119,1024,349
e6e03f100d72c159.jpg,1024,768,boat,138,90,609,730
e6e03f100d72c159.jpg,1024,768,boat,802,216,968,632
e78679c4cfac03ac.jpg,1024,768,boat,199,272,365,451
e78679c4cfac03ac.jpg,1024,768,boat,503,322,647,449
e78679c4cfac03ac.jpg,1024,768,boat,810,197,1015,482
e78679c4cfac03ac.jpg,1024,768,boat,973,352,1017,415
eab12485363e6abc.jpg,1024,774,truck,30,137,767,672
eab15b5823777afa.jpg,1024,652,truck,1,250,818,652
eb3a3a62a74dbee8.jpg,1024,683,car,110,255,1012,595
eb3a3a62a74dbee8.jpg,1024,683,car,454,216,627,287
ecbfce1e26a0337c.jpg,1024,533,boat,166,9,705,330
ecbfce1e26a0337c.jpg,1024,533,boat,708,1,1024,284
ecd52c83f56c0843.jpg,1024,1024,boat,577,717,1008,919
ee0ca6c6d52d9718.jpg,1024,768,truck,118,196,811,649
ee0ca6c6d52d9718.jpg,1024,768,car,1,383,220,685
ee4670b0a9213f45.jpg,1024,683,car,385,599,552,680
ee4670b0a9213f45.jpg,1024,683,car,272,597,395,672
ee4670b0a9213f45.jpg,1024,683,car,176,587,281,659
ee4670b0a9213f45.jpg,1024,683,car,115,591,202,642
ee4670b0a9213f45.jpg,1024,683,car,71,578,147,635
ee4670b0a9213f45.jpg,1024,683,car,32,577,108,631
ee4670b0a9213f45.jpg,1024,683,car,595,597,797,683
ee4670b0a9213f45.jpg,1024,683,car,815,604,1024,683
ef494715c94aba44.jpg,1024,768,car,51,82,979,747
ef8c23693a498711.jpg,1024,569,boat,9,148,762,482
efd93c6256776426.jpg,1024,770,truck,39,541,638,740
f0d6ee3620f3aaf2.jpg,1024,771,car,874,301,1024,645
f2e1b7a6691516ee.jpg,1024,768,boat,139,342,293,519
f2e1b7a6691516ee.jpg,1024,768,boat,280,425,365,454
f31e3827900b60b1.jpg,1024,681,car,130,136,898,583
f31e3827900b60b1.jpg,1024,681,car,485,74,896,276
f31e3827900b60b1.jpg,1024,681,car,1,104,223,285
f31e3827900b60b1.jpg,1024,681,car,149,104,265,194
f31e3827900b60b1.jpg,1024,681,car,252,92,439,177
f420547f2ae315b9.jpg,768,1024,car,1,544,338,985
f420547f2ae315b9.jpg,768,1024,car,479,407,768,894
f49d72a7cd84c0b1.jpg,1024,768,truck,1,1,932,763
f5ff3013e4f0b1d1.jpg,1024,768,truck,283,559,479,690
f65dca52849555ed.jpg,1024,683,boat,124,218,369,547
f65dca52849555ed.jpg,1024,683,boat,357,409,484,526
f65dca52849555ed.jpg,1024,683,boat,635,478,696,515
f65dca52849555ed.jpg,1024,683,boat,755,463,806,523
f65dca52849555ed.jpg,1024,683,boat,865,457,927,526
f6cb8bd3f54ba104.jpg,1024,768,truck,11,376,109,516
f6cb8bd3f54ba104.jpg,1024,768,truck,88,375,181,505
f6cb8bd3f54ba104.jpg,1024,768,truck,159,375,239,482
f6cb8bd3f54ba104.jpg,1024,768,truck,201,375,306,472
f6cb8bd3f54ba104.jpg,1024,768,truck,281,375,338,439
f6cb8bd3f54ba104.jpg,1024,768,car,151,420,610,597
f6cb8bd3f54ba104.jpg,1024,768,car,449,415,650,557
f6cb8bd3f54ba104.jpg,1024,768,car,537,418,699,556
f6cb8bd3f54ba104.jpg,1024,768,car,615,423,745,543
f6cb8bd3f54ba104.jpg,1024,768,car,656,418,774,527
f6cb8bd3f54ba104.jpg,1024,768,car,715,416,807,515
f79131d95a3c0fd1.jpg,1024,576,car,155,336,386,469
f79131d95a3c0fd1.jpg,1024,576,car,1,358,135,482
f79131d95a3c0fd1.jpg,1024,576,car,80,343,172,414
f79131d95a3c0fd1.jpg,1024,576,car,345,351,531,459
f79131d95a3c0fd1.jpg,1024,576,car,531,345,715,448
f79131d95a3c0fd1.jpg,1024,576,car,682,341,876,439
f79131d95a3c0fd1.jpg,1024,576,car,843,349,978,426
f79131d95a3c0fd1.jpg,1024,576,car,935,350,1024,412
f79131d95a3c0fd1.jpg,1024,576,car,448,344,531,401
f7e65c59fe949643.jpg,1024,683,boat,663,64,770,138
f7e65c59fe949643.jpg,1024,683,boat,1,197,986,652
f7e65c59fe949643.jpg,1024,683,boat,454,75,539,144
f7e65c59fe949643.jpg,1024,683,boat,377,66,452,126
f7e65c59fe949643.jpg,1024,683,boat,923,1,1024,81
f80211bf32ec3cd0.jpg,1024,768,car,1,446,393,768
f80211bf32ec3cd0.jpg,1024,768,car,254,448,566,664
f80211bf32ec3cd0.jpg,1024,768,car,496,435,647,563
f80211bf32ec3cd0.jpg,1024,768,car,189,384,360,506
f80211bf32ec3cd0.jpg,1024,768,car,674,444,745,497
f80211bf32ec3cd0.jpg,1024,768,truck,1,342,152,471
f97a7349270b9db2.jpg,1024,605,car,11,15,999,605
f97a7349270b9db2.jpg,1024,605,car,528,27,1024,326
faa38e6ce620e165.jpg,1024,768,truck,1,326,201,468
fdb1e4d498f46eff.jpg,1024,681,car,600,279,1024,624
fdb1e4d498f46eff.jpg,1024,681,car,499,270,672,426
fdb1e4d498f46eff.jpg,1024,681,car,1,256,296,681
fdb1e4d498f46eff.jpg,1024,681,car,205,294,369,446
fdb1e4d498f46eff.jpg,1024,681,car,852,272,936,329
fdb1e4d498f46eff.jpg,1024,681,car,956,255,1024,339
fe784383df273bea.jpg,1024,768,truck,4,391,224,632
fe784383df273bea.jpg,1024,768,truck,182,394,451,579
fe784383df273bea.jpg,1024,768,truck,442,435,818,569
fe784383df273bea.jpg,1024,768,truck,758,440,1013,563
ff576acac749944d.jpg,1024,681,car,655,345,823,505
ff576acac749944d.jpg,1024,681,car,896,372,966,447
ff576acac749944d.jpg,1024,681,car,965,378,1014,434
ff576acac749944d.jpg,1024,681,car,845,371,917,465
